, ,Frame,x,y,z,m0,m1,m2,m3,m4,NPscore,Unnamed: 11,Trajectory,time[s],distance,distance normalized,time aligned [s]
5,6,5,122.71906000000001,225.75142999999997,0,2.45433,2.11095,5.6799,17.77003,62.2625,0.00765,,69,0.685,0.0,0.0,-13.426
6,7,6,122.62808999999999,225.54369,0,2.3298099999999997,2.08108,5.51964,17.01074,58.702040000000004,0.00761,,69,0.8220000000000001,14.741026759099007,0.01464573494331368,-13.289000000000001
7,8,7,123.1909,226.74895,0,2.72129,2.62963,8.35099,29.540940000000003,112.48253999999999,0.00735,,69,0.9590000000000001,71.72652472830575,0.13794084375852775,-13.152000000000001
8,9,8,122.73273999999999,225.87331,0,2.04448,2.19163,6.12867,19.89705,72.0013,0.0071,,69,1.096,7.9719464047390245,0.0,-13.015
9,10,9,123.23058,226.04214,0,2.47644,2.31366,6.764480000000001,22.671210000000002,83.57159,0.01403,,69,1.233,38.243263279465346,0.06549570401343222,-12.878
10,11,10,123.09798,225.8847,0,2.96995,2.28858,6.712039999999999,22.774279999999997,85.46638,0.00759,,69,1.37,26.108749884713422,0.039241197117062324,-12.741
11,12,11,123.0525,226.41797000000003,0,3.07087,2.35248,6.92955,23.2953,85.87325,0.00735,,69,1.5070000000000001,48.443877084418574,0.08756598213477634,-12.604000000000001
12,13,12,123.05061,226.48514,0,2.6165,2.439,7.372039999999999,25.30025,94.90689,0.00831,,69,1.6440000000000001,52.334315834690806,0.09598342317061567,-12.467
13,14,13,122.92908999999999,225.6508,0,2.94202,2.07377,5.56166,17.58624,62.960480000000004,0.00962,,69,1.7810000000000001,15.138023837506903,0.015504686777130653,-12.33
14,15,14,123.58216000000002,225.91922000000002,0,3.4462599999999997,2.2886,6.55213,21.422279999999997,77.08906999999999,0.00759,,69,1.9180000000000001,57.15178713367236,0.10640661273970684,-12.193000000000001
15,16,15,123.57551000000001,225.91757,0,3.2101,2.26408,6.48958,21.450229999999998,78.56096,0.01183,,69,2.055,56.70701858123493,0.10544430146710919,-12.056000000000001
16,17,16,122.85193000000001,225.80739,0,3.5669199999999996,2.0834200000000003,5.52808,17.08778,59.44661,0.007679999999999999,,69,2.192,9.37126857274454,0.0030276050068915985,-11.919
17,18,17,122.99843999999999,225.42538,0,3.36806,2.24791,6.29071,20.11959,71.04065,0.008709999999999999,,69,2.329,27.909291457369314,0.043136889478071185,-11.782
18,19,18,123.36916000000001,225.83299,0,3.56155,2.33885,6.78263,22.3367,80.58583,0.010579999999999999,,69,2.466,42.587752161977136,0.07489553815729161,-11.645
19,20,19,123.66077,225.6109,0,3.25051,2.18527,6.02148,19.10214,67.33479,0.00944,,69,2.603,61.88895750555887,0.11665606141160526,-11.508000000000001
20,21,20,123.67841000000001,225.3535,0,3.33797,2.23009,6.27237,20.282770000000003,72.59473,0.01181,,69,2.74,67.50933630813532,0.12881643976647797,-11.371
21,22,21,123.3517,225.21272000000002,0,4.06227,1.9978,4.883319999999999,13.35014,39.63565,0.01141,,69,2.8770000000000002,54.01033926372042,0.09960970526734701,-11.234
22,23,22,123.73132,225.04077,0,3.7674300000000005,2.1028700000000002,5.62483,17.455170000000003,60.59394,0.00743,,69,3.0140000000000002,80.39288563063046,0.15669157769194775,-11.097000000000001
23,24,23,123.03902,224.96438999999998,0,3.31526,1.9528599999999998,4.71859,12.8708,38.44427,0.0201,,69,3.1510000000000002,55.223472224407296,0.102234467105456,-10.96
24,25,24,123.3315,224.66481000000002,0,3.53346,1.99436,4.9713400000000005,14.13589,44.494,0.00718,,69,3.2880000000000003,81.0762845229697,0.15817019495068776,-10.823
25,26,25,123.64518999999999,224.55154,0,3.1369700000000003,2.0063400000000002,5.16066,15.502270000000001,52.51635,0.00873,,69,3.4250000000000003,98.5227792620803,0.19591782450487846,-10.686
26,27,26,123.33291000000001,224.49322999999998,0,3.47086,2.11572,5.71992,17.939339999999998,62.77646,0.00715,,69,3.5620000000000003,90.99719247901207,0.17963529518806653,-10.549
27,28,27,123.22492,224.7813,0,3.0662599999999998,2.14685,5.8331,18.262520000000002,63.50611,0.016319999999999998,,69,3.6990000000000003,71.11625483117271,0.13662045004337015,-10.412
28,29,28,123.02346000000001,225.4474,0,3.18298,1.9347299999999998,4.70059,13.1509,41.29871,0.01139,,69,3.8360000000000003,27.964628797866414,0.04325661859620263,-10.275
29,30,29,123.08962,225.09166000000002,0,2.92956,1.99089,5.04335,14.81431,48.84571,0.007559999999999999,,69,3.9730000000000003,49.18619906500379,0.08917208671636018,-10.138
30,31,30,123.17421000000002,225.52791000000002,0,3.32801,2.0038,5.0513,14.66509,47.61347,0.01057,,69,4.11,32.95972484718918,0.05406412108177351,-10.001000000000001
31,32,31,122.74786999999999,225.06151,0,3.02941,1.9829299999999999,5.05835,15.165679999999998,51.59687,0.01299,,69,4.247,44.883882464224655,0.07986349747252823,-9.864
32,33,32,123.09888000000001,224.97507000000002,0,3.00294,1.964,4.89275,14.102979999999999,45.58364,0.00825,,69,4.384,56.17888301176594,0.10430161543597104,-9.727
33,34,33,123.31828,225.63927999999999,0,3.0698,2.09871,5.6159300000000005,17.406670000000002,60.18975,0.00758,,69,4.521000000000001,39.625603156954305,0.06848656575349649,-9.59
34,35,34,123.23592,225.7469,0,2.8846,2.05422,5.3727,16.314339999999998,55.561440000000005,0.009009999999999999,,69,4.658,33.59719032318641,0.05544335576480624,-9.453
35,36,35,123.09435,225.38596,0,3.22053,2.02799,5.2171199999999995,15.60219,52.58786,0.00774,,69,4.795,34.04975878952523,0.05642254310706183,-9.316
36,37,36,123.41145,225.92147999999997,0,3.3642,2.16273,5.91145,18.65444,65.53001,0.00944,,69,4.932,46.34280811717111,0.08302006192390042,-9.179
37,38,37,123.17387,225.41828999999998,0,3.61668,2.05078,5.2279800000000005,15.175770000000002,48.71566,0.015519999999999999,,69,5.069000000000001,36.64492218346747,0.062037497164711235,-9.042
38,39,38,123.17521,225.90271,0,3.05947,1.99895,5.04093,14.657960000000001,47.66357,0.00836,,69,5.206,31.237789571327394,0.0503385030776129,-8.905000000000001
39,40,39,123.20532,225.63385,0,3.20168,1.9914,5.02113,14.676479999999998,48.250370000000004,0.013380000000000001,,69,5.343,32.51779498828177,0.05310795167052919,-8.768
40,41,40,122.97428000000001,225.45529,0,3.43755,1.89242,4.49621,12.28561,37.6852,0.009770000000000001,,69,5.48,25.41127161910512,0.037732117408732106,-8.631
41,42,41,123.21548,225.76963999999998,0,3.6907,1.9937900000000002,4.95696,14.04745,44.064370000000004,0.013340000000000001,,69,5.617000000000001,32.28900240968191,0.05261293088664789,-8.494
42,43,42,123.24448999999998,225.48802,0,3.5988300000000004,2.03203,5.1803300000000005,15.176060000000001,49.57695,0.007409999999999999,,69,5.7540000000000004,38.20438315723467,0.06541158210396378,-8.357
43,44,43,123.24058000000001,225.55752999999999,0,4.15634,1.94409,4.7262,13.138689999999999,40.6431,0.01013,,69,5.891,36.165962640166995,0.061001209493043815,-8.22
44,45,44,123.13943,225.58699,0,4.0286599999999995,1.9365,4.65095,12.67228,38.1546,0.00824,,69,6.0280000000000005,29.340243324867775,0.046232929216249725,-8.083
45,46,45,122.93591,225.31302999999997,0,4.15192,1.92344,4.59569,12.48315,37.58812,0.01223,,69,6.165000000000001,31.791478238082824,0.051536476366435456,-7.946
46,47,46,123.10603,225.74177999999998,0,3.8763099999999997,1.99584,5.01725,14.510810000000001,46.82138,0.00757,,69,6.3020000000000005,25.160869755733206,0.03719034228888222,-7.809
47,48,47,122.91988,225.20935,0,3.9327199999999998,1.9301400000000002,4.60538,12.44379,37.128809999999994,0.01381,,69,6.439,37.57536373649431,0.06405062149660058,-7.672000000000001
48,49,48,123.00652,225.33926,0,3.8788,1.95482,4.83255,13.854820000000002,44.8639,0.00953,,69,6.5760000000000005,32.663218581645744,0.05342259343741871,-7.535
49,50,49,122.86823000000001,225.5744,0,3.72229,2.01167,5.13341,15.22609,50.88908,0.00742,,69,6.713000000000001,15.047368005899171,0.015308541774960997,-7.398
50,51,50,123.41713999999999,225.58575,0,3.8087,2.16234,5.95273,18.99455,67.5803,0.007090000000000001,,69,6.8500000000000005,46.63565635519491,0.08365367497740044,-7.261
51,52,51,123.16367,225.90297999999999,0,3.90343,2.09896,5.54764,16.8726,57.10649,0.007259999999999999,,69,6.987,30.532393382847587,0.0488122919727551,-7.1240000000000006
52,53,52,122.90775,225.72144,0,3.71918,1.91736,4.63126,12.92868,40.692609999999995,0.00895,,69,7.1240000000000006,12.418796678622293,0.009621305559173553,-6.987
53,54,53,123.07198999999999,225.42553999999998,0,3.8027300000000004,1.9981400000000002,5.05063,14.80057,48.812470000000005,0.014119999999999999,,69,7.261000000000001,31.224627785209563,0.050310025940280924,-6.85
54,55,54,123.12456,225.42119,0,4.03449,1.95134,4.69721,12.757489999999999,38.05288,0.00894,,69,7.398000000000001,33.99249607795659,0.056298648212649835,-6.713
55,56,55,123.21406,225.86097999999998,0,4.11977,2.17255,5.95383,18.78988,65.85871,0.00845,,69,7.535,32.953538589390845,0.05405073635485901,-6.5760000000000005
56,57,56,123.16103999999999,225.29947,0,4.32735,2.00085,4.99288,14.2457,45.211420000000004,0.00774,,69,7.672000000000001,41.089777736679636,0.07165448690124633,-6.439
57,58,57,123.04331,225.4861,0,4.0564,1.95718,4.7937199999999995,13.48305,42.45581,0.007370000000000001,,69,7.809000000000001,27.23322147056657,0.0416741292046664,-6.302
58,59,58,123.28273,225.55152999999999,0,4.89125,2.05346,5.3074699999999995,15.78686,52.36358,0.00915,,69,7.946000000000001,38.874341002162545,0.06686111800933787,-6.165
59,60,59,122.96341000000001,225.56677000000002,0,4.40062,1.9774599999999998,4.923109999999999,14.109079999999999,45.21409,0.010879999999999999,,69,8.083,19.908072633291702,0.025825271948606596,-6.0280000000000005
60,61,60,123.08588,225.4922,0,4.7543,2.01358,5.06139,14.52481,46.22095,0.01568,,69,8.22,29.196297194891198,0.04592148412247198,-5.891
61,62,61,123.14368,225.55449,0,4.94347,1.9725099999999998,4.845219999999999,13.57686,42.2476,0.00907,,69,8.357000000000001,30.424409958123064,0.048578656599263345,-5.754
62,63,62,123.14043000000001,225.56357999999997,0,5.04022,2.06528,5.24736,15.058079999999999,47.44143,0.00836,,69,8.494,29.987501812671585,0.047633352280525926,-5.617000000000001
63,64,63,123.21533000000001,225.48236,0,4.22085,2.10758,5.64562,17.51033,60.6354,0.00777,,69,8.631,36.69378545755283,0.06214321884672017,-5.48
64,65,64,123.00939,225.43622000000002,0,4.89679,2.01903,5.09657,14.744129999999998,47.50763,0.01086,,69,8.768,27.855276051851064,0.043020020528278566,-5.343
65,66,65,123.08801000000001,225.47285,0,4.94661,2.09515,5.5288900000000005,16.815620000000003,57.044619999999995,0.011559999999999999,,69,8.905000000000001,30.05017691050153,0.04776895753593886,-5.2059999999999995
66,67,66,123.02483000000001,225.22667,0,4.4972,1.96328,4.821940000000001,13.5406,42.30611,0.007520000000000001,,69,9.042000000000002,39.47744648355947,0.06816601063300272,-5.068999999999999
67,68,67,122.88658999999998,225.39424,0,5.37023,2.04468,5.21085,15.16857,48.95197,0.00944,,69,9.179,25.644209138222248,0.03823610627941306,-4.932
68,69,68,123.13264,225.545,0,5.5785599999999995,2.06271,5.24794,15.09113,47.6185,0.012740000000000001,,69,9.316,30.045314801020265,0.04775843776619168,-4.795
69,70,69,123.21301000000001,225.54912000000002,0,4.8470699999999995,2.04648,5.22792,15.25138,49.295790000000004,0.007559999999999999,,69,9.453000000000001,34.69538644524534,0.05781943766625543,-4.6579999999999995
70,71,70,123.1004,225.53772999999998,0,4.90156,2.0152900000000002,5.01609,14.12711,43.756209999999996,0.01426,,69,9.59,28.41384023077338,0.04422854258520123,-4.521000000000001
71,72,71,123.18088999999999,225.43672,0,5.10896,2.00182,4.99911,14.27616,45.36095,0.01376,,69,9.727,36.32618108093409,0.061347861725498776,-4.384
72,73,72,122.96591000000001,225.39876,0,4.7669,1.9869900000000003,4.98569,14.446629999999999,46.92245,0.01495,,69,9.864,27.981050590799345,0.043292149157815006,-4.247
73,74,73,123.13081000000001,225.60277000000002,0,4.97232,1.98643,4.9001,13.71715,42.35644,0.01022,,69,10.001000000000001,28.454699971576392,0.04431694764206659,-4.109999999999999
74,75,74,123.01418000000001,225.37515,0,5.27227,2.00496,5.00665,14.2647,45.10298,0.00735,,69,10.138000000000002,31.083490201068624,0.050004657479624896,-3.972999999999999
75,76,75,122.96144,225.5405,0,5.0237,1.9710400000000001,4.91907,14.232429999999999,46.381159999999994,0.009559999999999999,,69,10.275,20.885090646018217,0.027939170159316865,-3.8360000000000003
76,77,76,123.21327,225.42102000000003,0,5.38433,2.08285,5.3852199999999995,15.83121,51.32078,0.00775,,69,10.412,38.64162761252124,0.06635761407024646,-3.699
77,78,77,123.16672,225.65862,0,4.59647,2.11369,5.63469,17.30305,59.14187,0.007409999999999999,,69,10.549000000000001,29.71667293679441,0.047047380815652136,-3.5619999999999994
78,79,78,122.88023000000001,225.45227000000003,0,4.31077,1.9282299999999999,4.62517,12.64354,38.40699,0.01239,,69,10.686,22.087806698772866,0.030541393740451842,-3.4250000000000007
79,80,79,123.07915,225.20073,0,5.28665,2.01878,5.05989,14.39509,45.12103,0.0127,,69,10.823,42.768582329466476,0.07528678638661689,-3.2880000000000003
80,81,80,123.08163,225.35109,0,5.16167,2.02787,5.1570800000000006,15.023579999999999,48.61466,0.00788,,69,10.96,35.10777028112688,0.058711680635618005,-3.151
81,82,81,122.91045,225.08888,0,4.56114,1.8830200000000001,4.51765,12.5967,39.647420000000004,0.011909999999999999,,69,11.097000000000001,44.82656724739105,0.0797394889765406,-3.0139999999999993
82,83,82,123.04356000000001,224.73085,0,4.19474,1.8800299999999999,4.34863,11.2716,31.832359999999998,0.010459999999999999,,69,11.234000000000002,69.61022911569619,0.13336197883428239,-2.876999999999999
83,84,83,122.89621000000001,225.06207,0,4.86699,1.9268599999999998,4.64325,12.773439999999999,38.981770000000004,0.00817,,69,11.371,46.264264590743174,0.08285012337843231,-2.74
84,85,84,122.91033,225.16875,0,5.05315,1.9779,4.864240000000001,13.627379999999999,42.34105,0.01975,,69,11.508000000000001,39.86255542664561,0.06899924102907956,-2.6029999999999998
85,86,85,122.9775,225.26955,0,4.9998,1.9746,4.85887,13.633970000000001,42.44315,0.00873,,69,11.645000000000001,35.54255442142316,0.05965238940889093,-2.4659999999999993
86,87,86,123.02277,225.26216000000002,0,5.4966099999999996,2.1129700000000002,5.6222,17.22599,58.77356999999999,0.00772,,69,11.782,37.43147325212749,0.06373929679891928,-2.3290000000000006
87,88,87,122.90118000000001,224.98529,0,5.12557,1.8598299999999999,4.30072,11.27934,32.687470000000005,0.007540000000000001,,69,11.919,51.18675482632063,0.09350053428763086,-2.192
88,89,88,122.82168999999999,224.78081,0,5.44099,1.8966599999999998,4.43752,11.70355,33.89067,0.00851,,69,12.056000000000001,63.44200129245782,0.1200162619805986,-2.0549999999999997
89,90,89,123.06783999999999,225.05822999999998,0,4.90798,1.98718,5.01377,14.65303,48.0277,0.007940000000000001,,69,12.193000000000001,50.43990486202243,0.0918846328583489,-1.9179999999999993
90,91,90,122.90874,224.90182000000001,0,5.18342,1.87743,4.46844,12.314060000000001,38.25763,0.014219999999999998,,69,12.330000000000002,56.58419514548345,0.10517855791101671,-1.7809999999999988
91,92,91,122.94243999999999,225.16646,0,5.16482,1.9922900000000001,4.88856,13.5307,41.11464,0.01805,,69,12.467,40.70103216617865,0.07081338821606414,-1.6440000000000001
92,93,92,123.05259,225.37096,0,5.50828,1.93606,4.62884,12.507,37.202909999999996,0.00908,,69,12.604000000000001,32.88766722655874,0.05390821558838998,-1.5069999999999997
93,94,93,123.10207,224.99187,0,5.19459,1.9149599999999998,4.61217,12.75003,39.33744,0.00831,,69,12.741000000000001,55.293114642622776,0.10238514701241536,-1.3699999999999992
94,95,94,123.06732,225.19502000000003,0,5.15704,2.0043599999999997,4.99273,14.14825,44.33177,0.00985,,69,12.878,42.666799901471144,0.07506656762952289,-1.2330000000000005
95,96,95,123.03236000000001,225.20997999999997,0,5.33549,1.99422,4.96176,14.09534,44.4429,0.00856,,69,13.015,40.66138331774368,0.0707276030732401,-1.096
96,97,96,122.93881,225.0284,0,5.49675,1.9620900000000001,4.86937,13.980770000000001,45.071870000000004,0.010740000000000001,,69,13.152000000000001,49.11963785864849,0.08902807338888372,-0.9589999999999996
97,98,97,122.96453999999999,224.93582,0,4.9504,1.9298799999999998,4.695869999999999,13.14584,41.13494,0.017480000000000002,,69,13.289000000000001,55.36382783968422,0.10253814368063915,-0.8219999999999992
98,99,98,123.19939,225.21312999999998,0,5.66779,2.02441,5.09441,14.591239999999999,46.21074,0.00811,,69,13.426000000000002,46.89396603351425,0.08421255962404538,-0.6849999999999987
99,100,99,123.07206000000001,225.0249,0,5.59126,2.0221,5.132680000000001,14.912289999999999,48.0224,0.01541,,69,13.563,52.503539907346145,0.09634956019136205,-0.548
100,101,100,122.91878,224.9489,0,5.985519999999999,1.89257,4.4317,11.69617,33.801559999999995,0.01102,,69,13.700000000000001,53.755529715948434,0.099058393582106,-0.4109999999999996
101,102,101,122.94878,224.88687000000002,0,5.912319999999999,1.9709900000000002,4.87627,13.815270000000002,43.50111,0.0168,,69,13.837000000000002,58.14631565455925,0.10855839708085349,-0.27399999999999913
102,103,102,122.90831999999999,224.78262,0,5.64285,1.8700900000000003,4.34213,11.42459,33.1785,0.00873,,69,13.974,64.16300641048666,0.1215762449175158,-0.13700000000000045
103,104,103,122.88226,225.03,0,5.65819,1.8995099999999998,4.53451,12.40155,37.76185,0.00845,,69,14.111,48.07783713627621,0.08677400984629488,0.0
104,105,104,122.91618000000001,224.75,0,5.9393,1.9410599999999998,4.65752,12.583269999999999,37.13668,0.00923,,69,14.248000000000001,66.34199261058,0.1262907486109385,0.13700000000000045
105,106,105,122.8795,224.96347000000003,0,5.49895,1.8991900000000002,4.53113,12.40302,37.90477,0.01132,,69,14.385000000000002,52.26832464045105,0.09584064313421004,0.2740000000000009
106,107,106,122.9724,224.85008,0,6.1201,1.92782,4.616280000000001,12.524410000000001,37.41867,0.008759999999999999,,69,14.522000000000002,60.85794798111665,0.11442534594827251,0.41100000000000136
107,108,107,122.90521000000001,224.90367,0,5.70179,1.8926900000000002,4.49308,12.203660000000001,36.903009999999995,0.01695,,69,14.659,56.417185763047854,0.10481721264398605,0.548
108,109,108,122.88385,225.00636,0,5.52856,2.0270599999999996,5.19551,15.34781,50.53784,0.00772,,69,14.796000000000001,49.59994286312018,0.09006727213069042,0.6850000000000005
109,110,109,122.85811000000001,225.09415,0,6.128909999999999,1.98403,4.94993,14.172529999999998,45.14867,0.0077,,69,14.933000000000002,43.66877352642573,0.07723446036576793,0.822000000000001
110,111,110,122.87218999999999,224.9306,0,6.62953,1.92787,4.62005,12.57629,37.82926,0.010020000000000001,,69,15.07,54.274442857617416,0.10018112576042781,0.9589999999999996
111,112,111,122.95298000000001,224.97449,0,6.1578599999999994,1.9334799999999999,4.6616800000000005,12.7712,38.571490000000004,0.008029999999999999,,69,15.207,52.74037394871014,0.0968619796654693,1.096
112,113,112,123.04425,224.80177,0,5.333080000000001,1.93681,4.71895,13.21296,41.32586,0.01515,,69,15.344000000000001,65.24661832947517,0.12392077210822924,1.2330000000000005
113,114,113,123.09499,224.72557,0,5.9871,1.9514,4.74575,13.119620000000001,40.06108,0.00811,,69,15.481000000000002,71.01713625254224,0.1364059948508498,1.370000000000001
114,115,114,122.89329,224.65346,0,6.13065,1.9117400000000002,4.49677,11.90821,34.611,0.01499,,69,15.618000000000002,72.26100645095349,0.13909726046983217,1.5070000000000014
115,116,115,122.91383,224.74559,0,5.56409,1.8536400000000002,4.27795,11.22021,32.627559999999995,0.014709999999999999,,69,15.755,66.59406101269315,0.12683612949160067,1.6440000000000001
116,117,116,122.88065,224.5822,0,5.67804,1.9942,4.96446,14.121410000000001,44.614779999999996,0.01312,,69,15.892000000000001,76.72230941013633,0.14874983618492585,1.7810000000000006
117,118,117,123.07626,224.85062000000002,0,5.47356,2.0666700000000002,5.3857099999999996,16.148310000000002,53.8798,0.00775,,69,16.029,62.988001603655405,0.119033978013137,1.9179999999999993
118,119,118,123.14215,224.90782000000002,0,5.52924,2.00415,5.0052,14.24939,44.91329,0.0161,,69,16.166,61.34440146700137,0.11547784768315437,2.0549999999999997
119,120,119,123.14255,224.60948,0,5.68907,1.88863,4.47698,12.19324,37.24964,0.01157,,69,16.303,79.16651998468015,0.1540381853175161,2.192
120,121,120,123.00593,224.52875,0,5.83858,1.9527900000000002,4.7379,13.07591,39.992940000000004,0.01318,,69,16.44,81.63236057190896,0.1593733336334549,2.3290000000000006
121,122,121,123.07581,224.41856,0,4.99654,1.9811299999999998,4.95296,14.24216,45.715720000000005,0.014509999999999999,,69,16.577,89.6861746450616,0.17679874743019738,2.466000000000001
122,123,122,123.19833,224.53839,0,6.187930000000001,1.96229,4.82468,13.597999999999999,42.70648,0.00777,,69,16.714000000000002,84.77868480498041,0.16618079171505512,2.6030000000000015
123,124,123,123.39648000000001,224.18431,0,6.04493,1.94825,4.68936,12.76132,38.21933,0.01205,,69,16.851000000000003,110.97239957363028,0.22285410383422835,2.740000000000002
124,125,124,123.66519,224.25458999999998,0,6.4337599999999995,2.04224,5.23611,15.408539999999999,50.4257,0.00886,,69,16.988,115.10125343176004,0.2317873851753041,2.876999999999999
125,126,125,123.71693,224.01873999999998,0,6.70361,1.91641,4.5981,12.612039999999999,38.45936,0.00763,,69,17.125,129.9668323301172,0.2639508869993035,3.0139999999999993
126,127,126,123.96575,223.95588999999998,0,5.87809,1.9459,4.77641,13.48204,42.46346,0.00872,,69,17.262,142.08411014794086,0.2901681026126524,3.151
127,128,127,124.28428000000001,224.63712999999998,0,6.31802,2.01174,5.08027,14.712779999999999,47.39669,0.01351,,69,17.399,124.88762002192139,0.25296138867864343,3.2880000000000003
128,129,128,124.36438000000001,224.29584,0,6.62355,1.9545299999999999,4.7712900000000005,13.310979999999999,41.30523,0.007940000000000001,,69,17.536,142.7903712995457,0.29169618517123835,3.4250000000000007
129,130,129,124.35600000000001,223.97643,0,6.26851,1.9749400000000001,4.85578,13.59637,42.14537,0.007859999999999999,,69,17.673000000000002,156.94771328760925,0.3223273296405861,3.562000000000001
130,131,130,124.78281000000001,224.2859,0,6.85151,1.87208,4.35661,11.51168,33.68529,0.01346,,69,17.810000000000002,164.52631545854493,0.33872456424644415,3.6990000000000016
131,132,131,124.89728999999998,224.04269,0,5.9674,1.9548900000000002,4.794490000000001,13.450520000000001,41.87595,0.01034,,69,17.947000000000003,179.95116255282053,0.3720981113544194,3.836000000000002
132,133,132,124.93863,223.87523,0,5.804209999999999,1.87248,4.34999,11.43523,33.10638,0.02804,,69,18.084000000000003,188.90992197394516,0.39148148531868243,3.9730000000000025
133,134,133,125.00903000000001,224.32481,0,5.65868,2.0028099999999998,5.01446,14.327729999999999,45.320809999999994,0.0077599999999999995,,69,18.221,175.37003885182872,0.36218628877957837,4.109999999999999
134,135,134,125.14211,224.00327000000001,0,6.57331,1.96386,4.84607,13.739120000000002,43.49385,0.00775,,69,18.358,194.21010930747562,0.4029490901886404,4.247
135,136,135,125.23087,224.33067000000003,0,6.7718300000000005,2.01037,5.05901,14.588770000000002,46.805479999999996,0.01152,,69,18.495,187.5759505290629,0.38859527461044185,4.384
136,137,136,125.32903999999999,224.55527999999998,0,6.19044,1.9823400000000002,4.8777099999999995,13.65838,42.38071,0.00782,,69,18.632,186.6164650740977,0.3865193102371819,4.521000000000001
137,138,137,125.19656,224.29599,0,5.64125,1.9446700000000001,4.727609999999999,13.15962,40.837709999999994,0.01326,,69,18.769000000000002,186.76969116858766,0.38685083367150686,4.658000000000001
138,139,138,125.38288,224.49181000000002,0,6.46818,1.9891400000000001,4.93116,13.951260000000001,43.81348,0.00875,,69,18.906000000000002,191.53041153555546,0.3971512356439751,4.795000000000002
139,140,139,125.5349,224.56534,0,5.67696,1.9246299999999998,4.64936,12.92688,40.34598,0.00805,,69,19.043000000000003,198.60414034803458,0.4124561148631619,4.932000000000002
140,141,140,125.76122,224.64401,0,6.178640000000001,1.9559900000000001,4.8104,13.61517,43.12325,0.01324,,69,19.18,210.43459151348944,0.4380527458615615,5.068999999999999
141,142,141,125.88958000000001,224.44432,0,6.304209999999999,1.8978599999999999,4.5054,12.22671,36.97907,0.00856,,69,19.317,222.91051916646288,0.465045944348224,5.2059999999999995
142,143,142,125.82137,224.71291000000002,0,6.4718800000000005,1.97612,4.87664,13.74795,43.02832,0.00952,,69,19.454,212.6488796336857,0.4428436295856164,5.343
143,144,143,125.90245,224.78641000000002,0,6.903410000000001,1.98692,4.983140000000001,14.401270000000002,46.49345,0.00785,,69,19.591,216.21891673905824,0.45056784239532305,5.48
144,145,144,126.0799,224.59906,0,5.83544,1.9572900000000002,4.80975,13.57265,42.77493,0.01163,,69,19.728,230.93944870368426,0.48241751740171074,5.617000000000001
145,146,145,126.04343,224.54034,0,5.34774,2.0224900000000003,5.1321699999999995,14.91964,48.17624,0.01316,,69,19.865000000000002,229.97671379755928,0.48033452244262437,5.754000000000001
146,147,146,126.38476000000001,223.98682000000002,0,5.17845,1.94481,4.7367300000000006,13.231020000000001,41.24621,0.01026,,69,20.002000000000002,264.4406188171018,0.554901404737447,5.891000000000002
147,148,147,126.383,223.90216,0,5.6855199999999995,1.8676099999999998,4.36118,11.634,34.576809999999995,0.00815,,69,20.139000000000003,266.77140212869773,0.5599443400853701,6.028000000000002
148,149,148,126.81648,223.86395,0,5.76011,1.89983,4.53228,12.4079,37.96589,0.00788,,69,20.276000000000003,293.2316451096798,0.617194318656762,6.165000000000003
149,150,149,127.29198000000001,223.60367999999997,0,4.69319,1.78037,3.92955,9.81977,27.20645,0.00995,,69,20.413,328.39108653875246,0.6932660792163022,6.302
150,151,150,127.47316000000001,223.10466,0,4.57865,1.8257700000000001,4.121,10.49439,29.425240000000002,0.02395,,69,20.55,353.6791993830733,0.7479800105845386,6.439
151,152,151,128.03587,222.77477000000002,0,4.56387,1.82,4.07541,10.2058,27.796999999999997,0.01139,,69,20.687,396.0680652696329,0.8396935169727962,6.5760000000000005
152,153,152,128.0546,222.65233999999998,0,4.984780000000001,1.7905,3.94179,9.67496,25.73412,0.00885,,69,20.824,401.0681507060008,0.8505118146087224,6.713000000000001
153,154,153,128.56091,222.99596,0,4.096030000000001,1.8952799999999999,4.47393,12.01575,35.72954,0.01168,,69,20.961000000000002,419.84076302910853,0.8911286620805848,6.850000000000001
154,155,154,128.31921,222.46582,0,3.79998,1.8170099999999998,4.056780000000001,10.11776,27.442529999999998,0.007890000000000001,,69,21.098000000000003,422.0343088241562,0.8958746672420682,6.987000000000002
155,156,155,128.62997,222.42924,0,2.91005,1.80233,3.95612,9.61603,25.166079999999997,0.01871,,69,21.235000000000003,440.7354869615595,0.9363369580984157,7.124000000000002
156,157,156,128.97473,222.23306000000002,0,3.15085,1.8117400000000001,4.0513699999999995,10.147110000000001,27.65437,0.01491,,69,21.372,466.5186102499046,0.9921219052291821,7.260999999999999
157,158,157,129.11467,222.37271,0,2.52216,1.8748200000000002,4.2846,10.94448,30.5253,0.011059999999999999,,69,21.509,470.1597697239313,1.0,7.398
158,159,158,128.89449,222.50673999999998,0,2.3299,1.83018,4.1302900000000005,10.48133,29.17098,0.0172,,69,21.646,453.4370783496026,0.9638184077325209,7.535
159,160,159,128.76689,222.2625,0,2.4477599999999997,1.8797700000000002,4.323,11.08633,30.825459999999996,0.016919999999999998,,69,21.783,453.83258925765045,0.9646741440546237,7.672000000000001
160,161,160,128.44898999999998,221.69017000000002,0,1.3746,1.71,3.6889300000000005,9.21716,26.402859999999997,0.014480000000000002,,69,21.92,456.5107411149371,0.9704686538235171,7.809000000000001
161,162,161,128.08049,222.00984,0,1.08961,1.89494,4.59184,12.94074,41.13948,0.01208,,69,22.057000000000002,424.96494637902015,0.9022154607615028,7.9460000000000015
162,163,163,127.57493999999998,221.03372000000002,0,1.21613,2.08849,5.9012199999999995,20.24952,79.48901,0.007909999999999999,,69,22.331000000000003,440.06660117891187,0.9348897417311733,8.220000000000002
